{
    "total_runtime": 4593.70316529274,
    "num_documents": 246,
    "input_load_time": 0,
    "workflows": {
        "create_base_text_units": {
            "overall": 0.25664281845092773,
            "0_orderby": 0.0028221607208251953,
            "1_zip": 0.003152132034301758,
            "2_aggregate_override": 0.007921695709228516,
            "3_chunk": 0.19815587997436523,
            "4_select": 0.003818511962890625,
            "5_unroll": 0.004807233810424805,
            "6_rename": 0.004077911376953125,
            "7_genid": 0.00625920295715332,
            "8_unzip": 0.004997968673706055,
            "9_copy": 0.004650592803955078,
            "10_filter": 0.01349949836730957
        },
        "create_base_extracted_entities": {
            "overall": 2887.288277387619,
            "0_entity_extract": 2887.1678850650787,
            "1_merge_graphs": 0.11501407623291016
        },
        "create_summarized_entities": {
            "overall": 508.47260904312134,
            "0_summarize_descriptions": 508.46677827835083
        },
        "create_base_entity_graph": {
            "overall": 0.13026213645935059,
            "0_cluster_graph": 0.11675786972045898,
            "1_select": 0.007062673568725586
        },
        "create_final_entities": {
            "overall": 38.84800362586975,
            "0_unpack_graph": 0.03899955749511719,
            "1_rename": 0.007875204086303711,
            "2_select": 0.008052587509155273,
            "3_dedupe": 0.008428335189819336,
            "4_rename": 0.00829172134399414,
            "5_filter": 0.022610902786254883,
            "6_text_split": 0.014493465423583984,
            "7_drop": 0.009252309799194336,
            "8_merge": 0.08146238327026367,
            "9_text_embed": 38.6046781539917,
            "10_drop": 0.01071619987487793,
            "11_filter": 0.026050567626953125
        },
        "create_final_nodes": {
            "overall": 0.41064929962158203,
            "0_layout_graph": 0.15033221244812012,
            "1_unpack_graph": 0.04723525047302246,
            "2_unpack_graph": 0.047226667404174805,
            "3_filter": 0.03347516059875488,
            "4_drop": 0.012315034866333008,
            "5_select": 0.02394556999206543,
            "6_rename": 0.012046575546264648,
            "7_join": 0.019605398178100586,
            "8_convert": 0.04047822952270508,
            "9_rename": 0.013463735580444336
        },
        "create_final_communities": {
            "overall": 0.39653539657592773,
            "0_unpack_graph": 0.04471230506896973,
            "1_unpack_graph": 0.04419398307800293,
            "2_aggregate_override": 0.022999048233032227,
            "3_join": 0.02019667625427246,
            "4_join": 0.020260095596313477,
            "5_concat": 0.015156745910644531,
            "6_filter": 0.06805968284606934,
            "7_aggregate_override": 0.019594430923461914,
            "8_join": 0.020325660705566406,
            "9_filter": 0.03635692596435547,
            "10_fill": 0.016129732131958008,
            "11_merge": 0.020711898803710938,
            "12_copy": 0.01688408851623535,
            "13_select": 0.017421960830688477
        },
        "join_text_units_to_entity_ids": {
            "overall": 0.09851384162902832,
            "0_select": 0.017144203186035156,
            "1_unroll": 0.0365595817565918,
            "2_aggregate_override": 0.0279695987701416
        },
        "create_final_relationships": {
            "overall": 0.28244924545288086,
            "0_unpack_graph": 0.04905438423156738,
            "1_filter": 0.04732251167297363,
            "2_rename": 0.018891572952270508,
            "3_filter": 0.045484304428100586,
            "4_drop": 0.019660234451293945,
            "5_compute_edge_combined_degree": 0.022785425186157227,
            "6_convert": 0.04052591323852539,
            "7_convert": 0.020737648010253906
        },
        "join_text_units_to_relationship_ids": {
            "overall": 0.11283063888549805,
            "0_select": 0.020083189010620117,
            "1_unroll": 0.021752595901489258,
            "2_aggregate_override": 0.029814958572387695,
            "3_select": 0.021448850631713867
        },
        "create_final_community_reports": {
            "overall": 1153.45742726326,
            "0_prepare_community_reports_nodes": 0.030505895614624023,
            "1_prepare_community_reports_edges": 0.026250600814819336,
            "2_restore_community_hierarchy": 0.0267486572265625,
            "3_prepare_community_reports": 0.14340996742248535,
            "4_create_community_reports": 1153.1852729320526,
            "5_window": 0.02375626564025879
        },
        "create_final_text_units": {
            "overall": 0.1800229549407959,
            "0_select": 0.022867918014526367,
            "1_rename": 0.02387380599975586,
            "2_join": 0.027898550033569336,
            "3_join": 0.02906656265258789,
            "4_aggregate_override": 0.028043270111083984,
            "5_select": 0.02494668960571289
        },
        "create_base_documents": {
            "overall": 0.2990400791168213,
            "0_unroll": 0.025909423828125,
            "1_select": 0.02594304084777832,
            "2_rename": 0.02510690689086914,
            "3_join": 0.029252290725708008,
            "4_aggregate_override": 0.030846357345581055,
            "5_join": 0.03069782257080078,
            "6_rename": 0.026018619537353516,
            "7_convert": 0.08053135871887207
        },
        "create_final_documents": {
            "overall": 0.08175444602966309,
            "0_rename": 0.05477476119995117
        }
    }
}