{
    "total_runtime": 0.43399786949157715,
    "num_documents": 246,
    "input_load_time": 0,
    "workflows": {
        "create_base_text_units": {
            "overall": 0.2558135986328125,
            "0_orderby": 0.002693653106689453,
            "1_zip": 0.003020763397216797,
            "2_aggregate_override": 0.007868289947509766,
            "3_chunk": 0.19846415519714355,
            "4_select": 0.0037093162536621094,
            "5_unroll": 0.004647254943847656,
            "6_rename": 0.003989696502685547,
            "7_genid": 0.00619053840637207,
            "8_unzip": 0.004974365234375,
            "9_copy": 0.00455164909362793,
            "10_filter": 0.013355493545532227
        }
    }
}