{
    "total_runtime": 1076.8279662132263,
    "num_documents": 241,
    "input_load_time": 0,
    "workflows": {
        "create_base_text_units": {
            "overall": 3.2973289489746094,
            "0_orderby": 0.004973888397216797,
            "1_zip": 0.003002166748046875,
            "2_aggregate_override": 0.01300811767578125,
            "3_chunk": 3.2222542762756348,
            "4_select": 0.005655050277709961,
            "5_unroll": 0.009362459182739258,
            "6_rename": 0.003888845443725586,
            "7_genid": 0.006035804748535156,
            "8_unzip": 0.004920244216918945,
            "9_copy": 0.004426240921020508,
            "10_filter": 0.017351388931274414
        },
        "create_base_extracted_entities": {
            "overall": 0.6712820529937744,
            "0_entity_extract": 0.5477030277252197,
            "1_merge_graphs": 0.11832642555236816
        },
        "create_summarized_entities": {
            "overall": 334.3635160923004,
            "0_summarize_descriptions": 334.3576877117157
        },
        "create_base_entity_graph": {
            "overall": 0.12333917617797852,
            "0_cluster_graph": 0.1099853515625,
            "1_select": 0.006982564926147461
        },
        "create_final_entities": {
            "overall": 0.40493345260620117,
            "0_unpack_graph": 0.03524637222290039,
            "1_rename": 0.007737874984741211,
            "2_select": 0.008000612258911133,
            "3_dedupe": 0.008387327194213867,
            "4_rename": 0.008316516876220703,
            "5_filter": 0.022757530212402344,
            "6_text_split": 0.013326644897460938,
            "7_drop": 0.009244680404663086,
            "8_merge": 0.0715939998626709,
            "9_text_embed": 0.17708349227905273,
            "10_drop": 0.010234594345092773,
            "11_filter": 0.025744199752807617
        },
        "create_final_nodes": {
            "overall": 0.3722107410430908,
            "0_layout_graph": 0.1362464427947998,
            "1_unpack_graph": 0.04358553886413574,
            "2_unpack_graph": 0.042818307876586914,
            "3_filter": 0.030962705612182617,
            "4_drop": 0.012187480926513672,
            "5_select": 0.012006044387817383,
            "6_rename": 0.011809587478637695,
            "7_convert": 0.03979134559631348,
            "8_join": 0.018992185592651367,
            "9_rename": 0.013205528259277344
        },
        "create_final_communities": {
            "overall": 0.3772423267364502,
            "0_unpack_graph": 0.04181718826293945,
            "1_unpack_graph": 0.04067206382751465,
            "2_aggregate_override": 0.019228219985961914,
            "3_join": 0.019989013671875,
            "4_join": 0.02002429962158203,
            "5_concat": 0.015167236328125,
            "6_filter": 0.06357717514038086,
            "7_aggregate_override": 0.018754959106445312,
            "8_join": 0.019809246063232422,
            "9_filter": 0.03566694259643555,
            "10_fill": 0.01612114906311035,
            "11_merge": 0.01987481117248535,
            "12_copy": 0.016381263732910156,
            "13_select": 0.016771554946899414
        },
        "join_text_units_to_entity_ids": {
            "overall": 0.0806417465209961,
            "0_select": 0.017357349395751953,
            "1_unroll": 0.0187070369720459,
            "2_aggregate_override": 0.027656078338623047
        },
        "create_final_relationships": {
            "overall": 0.27747488021850586,
            "0_unpack_graph": 0.04609966278076172,
            "1_filter": 0.04501962661743164,
            "2_rename": 0.018903732299804688,
            "3_filter": 0.045618295669555664,
            "4_drop": 0.019510984420776367,
            "5_compute_edge_combined_degree": 0.023000001907348633,
            "6_convert": 0.040543317794799805,
            "7_convert": 0.020211219787597656
        },
        "join_text_units_to_relationship_ids": {
            "overall": 0.11360383033752441,
            "0_select": 0.019959688186645508,
            "1_unroll": 0.022092342376708984,
            "2_aggregate_override": 0.030231475830078125,
            "3_select": 0.021361589431762695
        },
        "create_final_community_reports": {
            "overall": 732.7806046009064,
            "0_prepare_community_reports_nodes": 0.02970147132873535,
            "1_prepare_community_reports_edges": 0.026212215423583984,
            "2_restore_community_hierarchy": 0.026142597198486328,
            "3_prepare_community_reports": 0.12953424453735352,
            "4_create_community_reports": 732.522882938385,
            "5_window": 0.024117231369018555
        },
        "create_final_text_units": {
            "overall": 0.17992472648620605,
            "0_select": 0.023257017135620117,
            "1_rename": 0.02374267578125,
            "2_join": 0.0278623104095459,
            "3_join": 0.029063701629638672,
            "4_aggregate_override": 0.02780890464782715,
            "5_select": 0.024849414825439453
        },
        "create_base_documents": {
            "overall": 0.3007831573486328,
            "0_unroll": 0.026200056076049805,
            "1_select": 0.025719642639160156,
            "2_rename": 0.02629876136779785,
            "3_join": 0.03026437759399414,
            "4_aggregate_override": 0.030152320861816406,
            "5_join": 0.02974104881286621,
            "6_rename": 0.026334047317504883,
            "7_convert": 0.08130359649658203
        },
        "create_final_documents": {
            "overall": 0.08300280570983887,
            "0_rename": 0.05543017387390137
        }
    }
}