{
    "total_runtime": 1292.4460532665253,
    "num_documents": 241,
    "input_load_time": 0,
    "workflows": {
        "create_base_text_units": {
            "overall": 0.25572729110717773,
            "0_orderby": 0.002808094024658203,
            "1_zip": 0.0031418800354003906,
            "2_aggregate_override": 0.007828235626220703,
            "3_chunk": 0.19782328605651855,
            "4_select": 0.0038046836853027344,
            "5_unroll": 0.004757404327392578,
            "6_rename": 0.004029273986816406,
            "7_genid": 0.006117820739746094,
            "8_unzip": 0.004967689514160156,
            "9_copy": 0.004565715789794922,
            "10_filter": 0.01340794563293457
        },
        "create_base_extracted_entities": {
            "overall": 0.6551096439361572,
            "0_entity_extract": 0.5312356948852539,
            "1_merge_graphs": 0.11855769157409668
        },
        "create_summarized_entities": {
            "overall": 55.450130462646484,
            "0_summarize_descriptions": 55.4442777633667
        },
        "create_base_entity_graph": {
            "overall": 0.11065053939819336,
            "0_cluster_graph": 0.09699010848999023,
            "1_select": 0.0072956085205078125
        },
        "create_final_entities": {
            "overall": 32.92355799674988,
            "0_unpack_graph": 0.03552579879760742,
            "1_rename": 0.007676362991333008,
            "2_select": 0.007857561111450195,
            "3_dedupe": 0.00825190544128418,
            "4_rename": 0.008143901824951172,
            "5_filter": 0.022298336029052734,
            "6_text_split": 0.013344049453735352,
            "7_drop": 0.00912165641784668,
            "8_merge": 0.07157230377197266,
            "9_text_embed": 32.69627904891968,
            "10_drop": 0.010242700576782227,
            "11_filter": 0.025965213775634766
        },
        "create_final_nodes": {
            "overall": 0.3786933422088623,
            "0_layout_graph": 0.1351308822631836,
            "1_unpack_graph": 0.054018497467041016,
            "2_unpack_graph": 0.04286479949951172,
            "3_filter": 0.030924320220947266,
            "4_drop": 0.01170969009399414,
            "5_select": 0.01191091537475586,
            "6_rename": 0.011901617050170898,
            "7_convert": 0.03886270523071289,
            "8_join": 0.017848491668701172,
            "9_rename": 0.013012170791625977
        },
        "create_final_communities": {
            "overall": 0.37072229385375977,
            "0_unpack_graph": 0.041626930236816406,
            "1_unpack_graph": 0.040769100189208984,
            "2_aggregate_override": 0.01587390899658203,
            "3_join": 0.02008676528930664,
            "4_join": 0.01986098289489746,
            "5_concat": 0.014798879623413086,
            "6_filter": 0.062328338623046875,
            "7_aggregate_override": 0.01905965805053711,
            "8_join": 0.019757509231567383,
            "9_filter": 0.03523421287536621,
            "10_fill": 0.015744924545288086,
            "11_merge": 0.01972675323486328,
            "12_copy": 0.0161895751953125,
            "13_select": 0.01664590835571289
        },
        "join_text_units_to_entity_ids": {
            "overall": 0.07963991165161133,
            "0_select": 0.01719045639038086,
            "1_unroll": 0.018535614013671875,
            "2_aggregate_override": 0.02740335464477539
        },
        "create_final_relationships": {
            "overall": 0.2729301452636719,
            "0_unpack_graph": 0.045633554458618164,
            "1_filter": 0.04462265968322754,
            "2_rename": 0.01871037483215332,
            "3_filter": 0.04495406150817871,
            "4_drop": 0.01920938491821289,
            "5_compute_edge_combined_degree": 0.022661685943603516,
            "6_convert": 0.03963446617126465,
            "7_convert": 0.019922256469726562
        },
        "join_text_units_to_relationship_ids": {
            "overall": 0.11306524276733398,
            "0_select": 0.02009415626525879,
            "1_unroll": 0.021739721298217773,
            "2_aggregate_override": 0.030274629592895508,
            "3_select": 0.021185636520385742
        },
        "create_final_community_reports": {
            "overall": 1197.900961637497,
            "0_prepare_community_reports_nodes": 0.029802322387695312,
            "1_prepare_community_reports_edges": 0.02580118179321289,
            "2_restore_community_hierarchy": 0.025773286819458008,
            "3_prepare_community_reports": 0.12747573852539062,
            "4_create_community_reports": 1197.6472647190094,
            "5_window": 0.023421049118041992
        },
        "create_final_text_units": {
            "overall": 0.174635648727417,
            "0_select": 0.02252054214477539,
            "1_rename": 0.02273082733154297,
            "2_join": 0.028318166732788086,
            "3_join": 0.028718948364257812,
            "4_aggregate_override": 0.025861740112304688,
            "5_select": 0.023949861526489258
        },
        "create_base_documents": {
            "overall": 0.3492436408996582,
            "0_unroll": 0.02558159828186035,
            "1_select": 0.024597883224487305,
            "2_rename": 0.024674415588378906,
            "3_join": 0.02991175651550293,
            "4_aggregate_override": 0.03036975860595703,
            "5_join": 0.030390024185180664,
            "6_rename": 0.026860475540161133,
            "7_convert": 0.132523775100708
        },
        "create_final_documents": {
            "overall": 0.05280184745788574,
            "0_rename": 0.02629232406616211
        }
    }
}