{
    "total_runtime": 2430.2530801296234,
    "num_documents": 238,
    "input_load_time": 0,
    "workflows": {
        "create_base_text_units": {
            "overall": 0.21262359619140625,
            "0_orderby": 0.002238035202026367,
            "1_zip": 0.0025086402893066406,
            "2_aggregate_override": 0.006589174270629883,
            "3_chunk": 0.1604156494140625,
            "4_select": 0.0033872127532958984,
            "5_unroll": 0.004231452941894531,
            "6_rename": 0.0037016868591308594,
            "7_genid": 0.005687713623046875,
            "8_unzip": 0.004889249801635742,
            "9_copy": 0.00422215461730957,
            "10_filter": 0.012777090072631836
        },
        "create_base_extracted_entities": {
            "overall": 2198.177051782608,
            "0_entity_extract": 2198.022622346878,
            "1_merge_graphs": 0.14937448501586914
        },
        "create_summarized_entities": {
            "overall": 141.690682888031,
            "0_summarize_descriptions": 141.6856427192688
        },
        "create_base_entity_graph": {
            "overall": 0.03719639778137207,
            "0_cluster_graph": 0.02605152130126953,
            "1_select": 0.005919694900512695
        },
        "create_final_entities": {
            "overall": 27.51673722267151,
            "0_unpack_graph": 0.014145135879516602,
            "1_rename": 0.006632804870605469,
            "2_select": 0.007082939147949219,
            "3_dedupe": 0.007133007049560547,
            "4_rename": 0.00711822509765625,
            "5_filter": 0.01914691925048828,
            "6_text_split": 0.010174274444580078,
            "7_drop": 0.008273124694824219,
            "8_merge": 0.05124974250793457,
            "9_text_embed": 27.28827476501465,
            "10_drop": 0.0457308292388916,
            "11_filter": 0.044217586517333984
        },
        "create_final_nodes": {
            "overall": 0.18651103973388672,
            "0_layout_graph": 0.03196287155151367,
            "1_unpack_graph": 0.01561427116394043,
            "2_unpack_graph": 0.015548944473266602,
            "3_filter": 0.023826122283935547,
            "4_drop": 0.009975433349609375,
            "5_select": 0.01035761833190918,
            "6_rename": 0.010113000869750977,
            "7_convert": 0.033361196517944336,
            "8_join": 0.015606880187988281,
            "9_rename": 0.011364459991455078
        },
        "create_final_communities": {
            "overall": 0.2508506774902344,
            "0_unpack_graph": 0.016694068908691406,
            "1_unpack_graph": 0.017089128494262695,
            "2_aggregate_override": 0.013437032699584961,
            "3_join": 0.01647782325744629,
            "4_join": 0.0167999267578125,
            "5_concat": 0.012735605239868164,
            "6_filter": 0.028323650360107422,
            "7_aggregate_override": 0.014939546585083008,
            "8_join": 0.016866683959960938,
            "9_filter": 0.02982616424560547,
            "10_fill": 0.013727664947509766,
            "11_merge": 0.014595270156860352,
            "12_copy": 0.014032363891601562,
            "13_select": 0.014214277267456055
        },
        "join_text_units_to_entity_ids": {
            "overall": 0.06800556182861328,
            "0_select": 0.014733552932739258,
            "1_unroll": 0.01591658592224121,
            "2_aggregate_override": 0.02305436134338379
        },
        "create_final_relationships": {
            "overall": 0.2113654613494873,
            "0_unpack_graph": 0.02086782455444336,
            "1_filter": 0.0363006591796875,
            "2_rename": 0.016019105911254883,
            "3_filter": 0.03520822525024414,
            "4_drop": 0.01667618751525879,
            "5_compute_edge_combined_degree": 0.01977992057800293,
            "6_convert": 0.03424334526062012,
            "7_convert": 0.01711273193359375
        },
        "join_text_units_to_relationship_ids": {
            "overall": 0.09223389625549316,
            "0_select": 0.017385482788085938,
            "1_unroll": 0.018569469451904297,
            "2_aggregate_override": 0.02137899398803711,
            "3_select": 0.018088579177856445
        },
        "create_final_community_reports": {
            "overall": 56.285146951675415,
            "0_prepare_community_reports_nodes": 0.021005868911743164,
            "1_prepare_community_reports_edges": 0.02045440673828125,
            "2_restore_community_hierarchy": 0.030503511428833008,
            "3_prepare_community_reports": 0.034760475158691406,
            "4_create_community_reports": 56.13506627082825,
            "5_window": 0.02528071403503418
        },
        "create_final_text_units": {
            "overall": 0.15560102462768555,
            "0_select": 0.020691633224487305,
            "1_rename": 0.020878314971923828,
            "2_join": 0.024602413177490234,
            "3_join": 0.02498793601989746,
            "4_aggregate_override": 0.02298736572265625,
            "5_select": 0.02163100242614746
        },
        "create_base_documents": {
            "overall": 0.2628300189971924,
            "0_unroll": 0.022846460342407227,
            "1_select": 0.021810054779052734,
            "2_rename": 0.022780418395996094,
            "3_join": 0.02660512924194336,
            "4_aggregate_override": 0.026696205139160156,
            "5_join": 0.026952505111694336,
            "6_rename": 0.023197412490844727,
            "7_convert": 0.07064461708068848
        },
        "create_final_documents": {
            "overall": 0.04597592353820801,
            "0_rename": 0.0233304500579834
        }
    }
}